/*
Navicat MySQL Data Transfer

Source Server         : conn1
Source Server Version : 50524
Source Host           : 127.0.0.1:3306
Source Database       : nqcms

Target Server Type    : MYSQL
Target Server Version : 50524
File Encoding         : 65001

Date: 2014-12-12 15:30:58
*/

SET FOREIGN_KEY_CHECKS=0;

-- ----------------------------
-- Table structure for hd_admin
-- ----------------------------
DROP TABLE IF EXISTS `hd_admin`;
CREATE TABLE `hd_admin` (
  `uid` int(10) unsigned NOT NULL AUTO_INCREMENT,
  `username` char(45) DEFAULT NULL COMMENT '管理员帐号',
  `password` char(40) DEFAULT NULL COMMENT '管理员密码',
  `code` char(40) DEFAULT NULL COMMENT '令牌',
  PRIMARY KEY (`uid`)
) ENGINE=MyISAM AUTO_INCREMENT=4 DEFAULT CHARSET=utf8;

-- ----------------------------
-- Records of hd_admin
-- ----------------------------
INSERT INTO `hd_admin` VALUES ('2', 'admin', 'd3fe8ad1d83c38decb42cb25403e3ab8', '970eb17b767d9b603429ee902ff81a4d');

-- ----------------------------
-- Table structure for hd_category
-- ----------------------------
DROP TABLE IF EXISTS `hd_category`;
CREATE TABLE `hd_category` (
  `cid` smallint(5) unsigned NOT NULL AUTO_INCREMENT,
  `catname` char(50) NOT NULL DEFAULT '' COMMENT '栏目名称',
  `pid` smallint(6) NOT NULL DEFAULT '0' COMMENT '父ID',
  `keywords` varchar(100) DEFAULT NULL COMMENT '关键字',
  `description` varchar(200) DEFAULT NULL COMMENT '栏目描述',
  `list_tpl` varchar(255) DEFAULT 'list.html' COMMENT '列表页模板',
  `content_tpl` varchar(255) DEFAULT 'content.html' COMMENT '详情页模板',
  `html_dir` varchar(255) DEFAULT NULL COMMENT '静态目录',
  `url_type` varchar(255) DEFAULT NULL COMMENT '访问方式',
  `arc_html_rule` varchar(255) DEFAULT '{y}/{m}/{d}/{aid}.html',
  PRIMARY KEY (`cid`)
) ENGINE=MyISAM AUTO_INCREMENT=12 DEFAULT CHARSET=utf8 COMMENT='栏目表';

-- ----------------------------
-- Records of hd_category
-- ----------------------------
INSERT INTO `hd_category` VALUES ('2', '新闻资讯', '0', '新闻资讯', '新闻资讯', 'list.html', 'content.html', 'news', '1', '{y}/{m}/{d}/{aid}.html');
INSERT INTO `hd_category` VALUES ('3', '公司简介', '0', '公司简介', '公司简介', 'list.html', 'content.html', 'gongsi', '2', '{y}/{m}/{d}/{aid}.html');
INSERT INTO `hd_category` VALUES ('1', '首页', '0', '首页', '首页', 'list.html', 'content.html', 'index', '2', '{y}/{m}/{d}/{aid}.html');
INSERT INTO `hd_category` VALUES ('5', '企业新闻', '2', '企业新闻', '企业新闻', 'list.html', 'content.html', 'qiyenew', '2', '{y}/{m}/{d}/{aid}.html');
INSERT INTO `hd_category` VALUES ('6', '新闻动态', '2', '新闻动态', '新闻动态', 'list.html', 'content.html', 'newsactive', '2', '{y}/{m}/{d}/{aid}.html');
INSERT INTO `hd_category` VALUES ('7', '行业资讯', '2', '行业资讯', '行业资讯', 'list.html', 'content.html', 'hangye', '2', '{y}/{m}/{d}/{aid}.html');
INSERT INTO `hd_category` VALUES ('8', '联系我们', '0', '联系我们', '联系我们', 'list.html', 'content.html', 'contect', '2', '{y}/{m}/{d}/{aid}.html');
INSERT INTO `hd_category` VALUES ('10', '企业简介', '1', '企业简介', '企业简介', 'list.html', 'about.html', 'qiyejianjie', '2', '{y}/{m}/{d}/{aid}.html');

-- ----------------------------
-- Table structure for hd_config
-- ----------------------------
DROP TABLE IF EXISTS `hd_config`;
CREATE TABLE `hd_config` (
  `id` smallint(5) unsigned NOT NULL AUTO_INCREMENT,
  `title` varchar(255) DEFAULT NULL,
  `name` varchar(45) DEFAULT NULL COMMENT '配置名',
  `value` varchar(255) DEFAULT NULL COMMENT '值',
  `type` enum('text','radio','textarea') DEFAULT NULL COMMENT '显示类型:text/radio/textarea',
  `info` varchar(255) DEFAULT NULL COMMENT '参数如:radio   1|开启,0|关闭',
  `orderlist` smallint(6) DEFAULT NULL,
  `isshow` tinyint(4) DEFAULT NULL,
  PRIMARY KEY (`id`),
  UNIQUE KEY `name_UNIQUE` (`name`)
) ENGINE=InnoDB AUTO_INCREMENT=9 DEFAULT CHARSET=utf8;

-- ----------------------------
-- Records of hd_config
-- ----------------------------
INSERT INTO `hd_config` VALUES ('1', '网站名称', 'WEBNAME', 'NQCMS', 'text', '', '100', '1');
INSERT INTO `hd_config` VALUES ('2', '关键字', 'KEYWORDS', '视频教程', 'text', '', '100', '1');
INSERT INTO `hd_config` VALUES ('3', '网站描述', 'DESCRIPTION', '后盾网顶尖PHP培训,北京php1111', 'textarea', '', '100', '1');
INSERT INTO `hd_config` VALUES ('4', '电话', 'TEL', '010-6256252', 'text', '', '100', '1');
INSERT INTO `hd_config` VALUES ('5', '网站开启', 'WEBSTATUS', '1', 'radio', '1|开启,0|关闭', '100', '0');
INSERT INTO `hd_config` VALUES ('6', '模板风格', 'WEBSTYLE', 'default', 'text', '', '100', '1');
INSERT INTO `hd_config` VALUES ('7', '关闭时提示信息', 'WEB_CLOSE_MSG', '网站正在升级中，请稍候访问.............', 'textarea', '', '100', '1');
INSERT INTO `hd_config` VALUES ('8', '路由是否开启', 'WEB_REWRITE', '1', 'radio', '1|开启,0|关闭', '100', '1');

-- ----------------------------
-- Table structure for hd_content
-- ----------------------------
DROP TABLE IF EXISTS `hd_content`;
CREATE TABLE `hd_content` (
  `aid` int(11) NOT NULL AUTO_INCREMENT,
  `title` char(100) DEFAULT NULL COMMENT '文章标题',
  `content` text COMMENT '文章内容',
  `addtime` int(10) DEFAULT NULL COMMENT '添加时间',
  `click` mediumint(9) NOT NULL DEFAULT '100' COMMENT '点击次数',
  `cid` int(11) NOT NULL,
  `keywords` varchar(255) DEFAULT NULL COMMENT '关键字',
  `description` varchar(255) DEFAULT NULL COMMENT '描述',
  `thumb` varchar(255) DEFAULT NULL COMMENT '缩略图',
  PRIMARY KEY (`aid`),
  KEY `fk_hd_content_hd_category_idx` (`cid`)
) ENGINE=MyISAM AUTO_INCREMENT=35 DEFAULT CHARSET=utf8;

-- ----------------------------
-- Records of hd_content
-- ----------------------------
INSERT INTO `hd_content` VALUES ('16', '风幕柜，冷柜制冷机之电磁转换与调节阀', '<p>风幕柜，冷柜制冷机之电磁转换与调节阀</p><p>电磁四通换向阀电磁四通换向阀专门用于热泵型空调器。在热泵型风幕柜，冷柜制冷系统中，通过电磁换向阀的自动换向来改变制冷剂流动的方向，实现制冷、制热的转换。它的自动转换受空调器电气系统中的冷热开关的控制。</p><p>蒸发压力调节阀蒸发压力调节阀安装在蒸发器出口管道上，以防止蒸发器内制冷剂蒸发压力低于设定值。按容量大小可分为直动式和导阀、主阀组合的控制式两大类。前者用于小型装置上，后者用于大型装置上。蒸发压力调节阀既可用于单一的蒸发器，也可用于两个以上的蒸发器，保持不同的最低蒸发压力。当冷负荷减少或者因冷凝压力降低而使压缩机制冷能力上升时，由于压缩机制冷能力过剩，势必造成蒸发压力下降。若安装了蒸发压力调节阀，这时阀门自动关闭，压缩机的吸入压力即使下降也能维持蒸发压力在设定值继续运转，直到蒸发压力回升到设定压力之上，阀门才重新开启。</p><p>\r\n	这样做的目的是：</p><p>(1)在以水或盐水为被冷却介质时，防止因热负荷减少，使水或盐水过度冷却而冻结。</p><p>(2)在不允许贮藏空间的环境温度低于设定温度的场合，可以确保设定的蒸发温度。</p><p>(3)可以防止风幕柜，冷柜中的冷却盘管表面过度结霜，造成被冷却物品过大的干耗。</p><p>(4)在两台以上不同蒸发温度的蒸发器并联使用时，压缩机是以最低的蒸发温度作为运行基准的。为此，风幕柜，冷柜的蒸发器存在温差过大，当负荷小的时候，温度有过度下降的倾向。如果在蒸发温度高的蒸发器回气管道上安装蒸发压力调节阀，就可以保证其蒸发压力不会降至设定压力以下，因此，仍可维持较高的蒸发温度。<br/>\r\n	<img alt=\"\" src=\"http://www.bnedq.com/uploads/allimg/140909/1-140ZZZSHV.jpg\" style=\"width: 400px; height: 300px;\"/></p><p><br/></p>', '1415059200', '100', '6', '', '', '');
INSERT INTO `hd_content` VALUES ('17', '冷藏展示柜的结构定义是什么？', '<p><span style=\"text-decoration: none;\">冷藏展示柜的结构定义是什么？</span></p><p><span style=\"text-decoration: none;\">\r\n	&nbsp;</span></p><p><span style=\"text-decoration: none;\">\r\n	　　冷藏展示柜这一造型艺术，在设计时首先要适应具体环境和实用的需要，在最大限度的节约工料的基础上进行艺术造型设计，这是一个不能违反的原则。至于具体造型大小、繁简、独立的或连续的<span style=\"text-decoration: none; font-size: 12px;\">，这都要依据橱窗的业务内容的性质为转移。另外，求得造型比例关系的谐调也很重要。所谓比例关系的重要意义，就在于通体各部分相互关系的具体尺寸的适度，包括上下、左右、高低、前后、整体与局部，达到谐调。比例关系，是决定造型艺术的一个关键，它是供人们在感觉上能否产生安定、美观的一个分水岭。</span></span></p><p><span style=\"text-decoration: none;\">\r\n	　　展示柜大体可分室内的和室外的两种。但就其内容而言，又有各个专业的不同，如工业、农业、文教卫生，交通运输等等。这里为了方便起见，统称为展柜。冷藏展示柜必须重视它的造型，因为它<span style=\"text-decoration: none; font-size: 12px;\">是属于造型艺术中的一种。什么是造型艺术呢？简言之，就是空间艺术的总名称。它包括的范围很广，象绘画、建筑、雕刻以及许多的工艺品等都是。当我们研究某类或某件造型艺术，评价它们的艺术性时，又常用“艺术造型”的说法。比如，唐代陶瓷的艺术造型很美，明代家具的艺术造型很美等等，这都是指具体的艺术品对人们所产生的感觉而言的。</span></span></p><p><span style=\"text-decoration: none;\">\r\n	　　所谓安定、美观，两者是有机结合的，在感觉上它们又是统一的。只有真正感觉安定的冷藏柜艺术造型，才能达到真正美观动人的效果。反过来说，凡是不美观或不大美观的艺术造型，大都是不能<span style=\"text-decoration: none; font-size: 12px;\">体现安定的感觉的。究竟怎样做才能使艺术造型安定和美观呢？主要应从三个方面来考虑造型的整体关系。</span></span></p><p><span style=\"text-decoration: none;\">\r\n	　　第一要上下相称。所谓上下相称，就是使造型的通体上下比例协调。这个协调，并不意味着上下平均形式，而是上下结合的匀称，恰到好处，使人感到舒适，有头重脚轻或头轻脚重的毛病。</span></p><p><span style=\"text-decoration: none;\">\r\n	　　第二要左右相通。所谓左右相通，就是不论造型和结构形式是按照对称法则或是均衡法则，都要使左右两方互有联系，密切相关，成为一体。而不是从局部出发的左右孤立的、分隔的状态。</span></p><p><span style=\"text-decoration: none;\">\r\n	　　第三要前后相应。所谓前后相应，并不一定要求前后两面完全一样，而是有正面有反面，既有区别，又有呼应，达到前而美观，后面也比较美观的程度。尤其当我们从侧面观看时，是最容易发现和<span style=\"text-decoration: none; font-size: 12px;\">理解前后关系好坏的，这也是检验前后关系的一个方法。</span></span></p><p><br/></p>', '1414800000', '100', '6', '', '', '');
INSERT INTO `hd_content` VALUES ('18', '教您轻松调节冷藏柜最佳冷藏温度', '<p>\r\n	教您轻松调节冷藏柜最佳冷藏温度</p><p>\r\n	　 &nbsp; &nbsp;<span style=\"font-size: 12px;\">不同的食物都有各自最佳的冷藏温度。牛奶、啤酒、果汁等为2℃~6℃，如黄瓜、西红柿等蔬菜为3~8℃。都适合放在冷藏柜的冷藏室。1至2天吃的鱼、肉需要的最佳冷藏温度为0℃左右，这样不但不</span><span style=\"font-size: 12px;\">需要化冻，拿进去就可以用刀切，而且营养坚持的好，口感鲜嫩，味道好极了而准备1至2周才食用的鱼、肉就只好放在冷冻室了。<span style=\"text-decoration:underline;\">冷藏柜</span>温度该如何控制？下面由我们小编带大家来一同了解。</span></p><p>\r\n	　　相关科学数据显示。坚持原汁原味；坚冷藏温度0~2℃的0℃保温区食物在0℃状态下保存，冷藏柜温度2~8℃的冷藏温区能使蔬菜、水果、鸡蛋、啤酒、饮料等冷藏能保色冷藏。不结冰，营养不流失<span style=\"font-size: 12px;\">，能短期存放1~2天食用的鲜鱼鲜肉，新鲜不打折；-2~-14℃的变温温区，其中包括水温冷藏区（-2~-3℃）微冻冷藏（-3~-5℃）软冷冻（-6~-8℃）轻度冷冻（-10~-14℃）四个温区，冷藏柜不但能很好</span><span style=\"font-size: 12px;\">的坚持食物的营养不流失，而且能坚持新鲜口感；-18~-21℃冷冻温区肉类、鱼类、速冻食品等食物能存放更长时间，冷冻速度快，冷冻更持久。冷藏柜正是基于对贮存食品内在贮存要求的科学解析，荣</span><span style=\"font-size: 12px;\">事达适时推出了健康节能冷藏柜正是以此为对应，形成4温区冷藏，真正做到不同食物，区分对待的健康冷藏效果。</span></p><p>\r\n	　　冷藏室冷藏温度约为5℃。存放期限约一星期，可冷藏生熟食品。水果、蔬菜应存放在果菜盒内（冷藏温度8℃）并用冷藏纸包装好。</p><p>\r\n	　　冷冻室内冷藏温度约-18℃。可存放新鲜的或已冻结的肉类、鱼类、家禽类。存放期约3个月。本室可以快速冷冻需保管很长时间的新鲜鱼、肉类食物，也可存放已烹调好的食品。以最大限度保证食<span style=\"font-size: 12px;\">品的新鲜风味。</span></p><p>\r\n	　　有的冷藏柜还设有变温室。可将中室调至冷藏冷藏温度的工作状况,用户可根据食品贮藏需要调节变温室的冷藏温度。如用户觉得冷藏室不够用。这种变温室也适用于将冷冻食品解冻。一般将其置于<span style=\"font-size: 12px;\">冷藏工作状况使用最为方便。</span></p><p>\r\n\r\n	　　位于冷藏柜冷藏室上部的冰温冷藏室。可存放鲜肉、鱼、贝类、乳制品等食品，冷藏温度约0℃。既能冷藏又不会冻结，可随时取用，存放期为三天左右。冰温冷藏室还可以作为冷冻食品的解冻室，<span style=\"font-size: 12px;\">上班前如将食品放在该室，下班后可即取即用。<br/>\r\n	<img alt=\"\" src=\"http://www.bnedq.com/uploads/allimg/140901/1-140Z10U913217.jpg\" style=\"width: 400px; height: 531px;\"/></span></p><p><br/></p>', '1415035061', '100', '6', '', '', '');
INSERT INTO `hd_content` VALUES ('19', '冷藏柜制冷系统常见的操作故障', '<p><span style=\"text-decoration: none;\">冷藏柜制冷系统常见的操作故障</span></p><p><span style=\"text-decoration: none;\">\r\n	&nbsp;</span></p><p><span style=\"text-decoration: none;\">\r\n	　　根据冷藏柜制冷剂的热力性质，压力越低，相对应的温度就越低；压力越高，相对应的温度也就越高。按照这一定律，如果膨胀阀出口压力过低，相应的蒸发压力和温度也过低。但由于进入冷藏柜<span style=\"text-decoration: none; font-size: 12px;\">蒸发器流量的减少，压力的降低，造成蒸发速度减慢，单位容积(时间)制冷量下降，制冷效率降低。</span></span></p><p><span style=\"text-decoration: none;\">\r\n	　　冷藏柜的制冷系统，一般最常见的操作故障为：制冷温度下降缓慢、系统堵塞引起运行工况不正常或无法运行等。</span></p><p><span style=\"text-decoration: none;\">\r\n	　　递增层流优化风幕，高效节能；先进的背吹制冷系统，柜温均匀；精确的融霜自动控制，性能稳定；采用自然空气融霜，降低了电能消耗；人性化设计，增加了商品的展示性。产品美观大方，对使<span style=\"text-decoration: none; font-size: 12px;\">用场合起到一定的装饰作用；</span></span></p><p><span style=\"text-decoration: none;\">\r\n	　　同时使得顾客在购物取货时方便快捷；制冷系统的执行元件和电器的控制件均采用国外名牌产品，以确保产品运行稳定、可靠。加大蒸发器的设计，提高了换热效率。使柜内降温更快、温度更低，<span style=\"text-decoration: none; font-size: 12px;\">同时更加节能；</span></span></p><p><span style=\"text-decoration: none;\">\r\n	　　冷藏柜制冷温度下降缓慢，多为操作调整不当所致，其中膨胀阀的调节是最为关键的。膨胀阀的开启度小，制冷剂通过的流量就少，压力也低；膨胀阀的开启度大，制冷剂通过的流量就多，压力也<span style=\"text-decoration: none; font-size: 12px;\">高。</span></span></p><p><span style=\"text-decoration: none;\">\r\n	　　相反，如果冷藏柜膨胀阀出口压力过高，相应的蒸发压力和温度也过高。进入蒸发器的流量和压力都加大，由于液体蒸发过剩，过潮气体(甚至液体)被压缩机吸入，引起压缩机的湿冲程(液击)，使<span style=\"text-decoration: none; font-size: 12px;\">冷藏柜制冷压缩机不能正常工作，造成一系列工况恶劣，甚至损坏压缩机。膨胀阀的开启度，应根据当时的冷藏柜温进行调节，即在冷藏柜温相对应的压力下调整。</span></span></p><p><br/></p>', '1415089597', '100', '6', '', '', '');
INSERT INTO `hd_content` VALUES ('20', '冷藏柜除霜方法：便利店陈列柜价格，二门饮料冷藏柜', '<p>\r\n	冷藏柜除霜方法：便利店陈列柜价格，二门饮料冷藏柜</p><p><span style=\"font-size: 12px;\">在炎热的夏天到来时，夏季也是用电高峰期，很多人在使用便利店陈列柜时，发现展示<span style=\"text-decoration:underline;\">冷藏柜</span>的玻璃上经常会结有霜，结霜不仅对产品的展示效果有影响。还会影响影响便利店陈列柜的制冷效果，如果</span><span style=\"font-size: 12px;\">结霜过厚便会影响便利店陈列柜的制冷效果，而且耗电量也越变越大。</span></p><p><span style=\"font-size: 12px;\">那么怎样去去除便利店冷藏柜结霜的问题？便利店冷藏柜越变越大的耗电量是很多消费者比较所关注的。</span></p><p><span style=\"font-size: 12px;\">最简单的方法便是把玻璃上撒点盐，同时把玻璃镀一层膜；那么便利店冷藏柜除霜的具体方法步骤有哪些呢？合肥宝尼尔电器的产品能为您的企业提高生产效率、节约成本、本公司拥有一批专业的技术</span><span style=\"font-size: 12px;\">人才、强大的科研队伍、一流的生产设备、采用先进的生产工艺、严格的质量控制体系和现代化的管理方式，确保生产的每一台产品高品质。 请看一下小编的这篇文章，请大家仔细看一下，希</span><span style=\"font-size: 12px;\">望能够对您有所帮助。 小编和大家分享几点：</span></p><p><span style=\"font-size: 12px;\">在便利店冷藏柜的使用过程中要分清楚便利店冷藏柜是冷藏室结霜还是冷冻室结霜。冷冻室结霜是正常的，因为展示便利店冷藏柜在打开和关闭的过程中有个很明显的温差，水蒸汽在便利店冷藏柜的冷</span><span style=\"font-size: 12px;\">冻室遇冷便会凝华为霜，如果结霜过厚便除霜；冷藏室内的温度一般都控制在2℃~8℃，是不应该结霜的。便利店冷藏柜除霜前先切断展示冷藏柜的电源以及将冷冻的食品速移到冷藏室储藏。使用电风扇</span><span style=\"font-size: 12px;\">对准冷冻室，经过风吹，霜层便会慢慢融化。除完霜之后，必须要用毛巾把冷冻室擦干，然后可以涂上一层食物油，减少便利店冷藏柜结霜与柜壁之间的吸力，方便下次除霜。<br/><img alt=\"\" src=\"http://www.bnedq.com/uploads/allimg/140805/1-140P50TZ34K.jpg\" style=\"width: 400px; height: 332px;\"/></span></p><p><br/></p>', '1415694416', '100', '7', '', '', '');
INSERT INTO `hd_content` VALUES ('21', '不锈钢柜的好坏价值', '<p><span style=\"font-size: 12px;\">随着气温的回升，制冷设备的销售旺季渐渐来到，购买不锈钢柜需要的人越来越多，不锈钢柜的好坏价值体现成为广大消费者最想了解的，首先什么样的柜子是最好的，出现什么样的故障才算真的出问</span><span style=\"font-size: 12px;\">题了呢，下面我来给大家介绍下：</span></p><p><span style=\"font-size: 12px;\">首先我们要了解的是</span>不锈钢柜<span style=\"font-size: 12px;\">冷冻力，它是一项重要技术指标在衡量制冷效果方面，很多消费者只是考虑到价格便宜，不顾质量只看价格，认为冷冻力大意味着制冷效果好，其实不是这样的。不锈钢柜</span><span style=\"font-size: 12px;\">最主要的功能效果就是保鲜。制冷器具用途不同，性能个方面的要求也有所不同。太过加大的冷冻力在用电开支上不仅加大了成本，更重要的是还会破坏食品的内部组织，影响食物的营养。如果出现不</span><span style=\"font-size: 12px;\">制冷的现象，可以看看柜内表面是否污垢太多，内壁是否长期没有除霜，供电电源是坏了还是断电了，从而来判断柜子是否真的坏了。</span></p><p>\r\n	不锈钢柜<span style=\"font-size: 12px;\">在使用过程中会出现很多的的现象或者问题，光看表现不够的，不运转或者不制冷似乎是很大的故障，但实际上可能就是很小的问题。当出现制冷效果不满意的情况时首先要按照上面提到的那</span><span style=\"font-size: 12px;\">些原因一一排除。其次从人文关怀的角度考虑噪音和散热的问题。首先要确定无强烈阳光照进来，并且直接照射在</span>不锈钢柜<span style=\"font-size: 12px;\">表面。在制冷角度而言，有两种不同的制冷方式，一种是风冷，还有一种是直</span><span style=\"font-size: 12px;\">冷，直冷就是靠内壁铜管制冷，不使用风扇的冷却方式。风冷式制冷比较快且均匀，适合需要快速制冷的。但是它也有相应的比较明显的缺点，由于加入了风扇和蒸发器，不可避免的会比直冷的多额外</span><span style=\"font-size: 12px;\">的噪声和耗电量。另外，由于不停有冷风吹进，很容易造成风干食物表面干燥的现象。选一台性价比高的不锈钢柜，几年下来省下的电费的价值数目不可小觑，就等于买了两台免费柜子。另外操作事宜</span><span style=\"font-size: 12px;\">不注意的话也会引起不制冷的现象，一些小故障用户应能自行调整，千万不要轻易判别它为故障。</span></p><p><br/></p>', '1414830445', '100', '7', '', '', '');
INSERT INTO `hd_content` VALUES ('22', '我想买个冷藏柜不知道哪里有卖的，展示蛋糕，面包用的蛋糕展示柜多少钱?', '<p>\r\n	我想买个<a href=\"http://www.bnedq.com/\"><span style=\"color:#ff0000;\"></span></a><a href=\"http://www.bnedq.com\" target=\"_blank\"><span style=\"text-decoration:underline;\">冷藏柜</span></a>不知道哪里有卖的，展示蛋糕，面包用的<a href=\"http://www.bnedq.com/\"><span style=\"color:#ff0000;\"><span style=\"background-color:#fff0f5;\"></span></span></a><a href=\"http://www.bnedq.com/dangaogui/\" target=\"_blank\"><span style=\"text-decoration:underline;\">蛋糕</span></a><span style=\"text-decoration:underline;\"><a href=\"http://www.bnedq.com\" target=\"_blank\"><span style=\"text-decoration:underline;\">展示柜</span></a></span>多少钱?</p><p>\r\n	&nbsp;</p><p>\r\n	我们无锡一条街有几家做蛋糕面包的，我看到有个蛋糕展示柜很漂亮，我也打算做蛋糕，不知道哪里有卖蛋糕展示柜的，我看到他用的机器外壳上写着宝尼尔，我问他多少钱他说三千不到，我想问下宝尼尔蛋糕展示柜在哪里有卖的？往<a href=\"http://www.bnedq.com\" target=\"_blank\"><span style=\"text-decoration:underline;\">冷柜</span></a>中加入制冷剂有哪些方法？</p><p>\r\n	&nbsp;</p><p>\r\n	压力加注法:压力加注法适用于各种冷柜，它通过观察加注制冷剂过程中真空压力表的读数，确定加注制冷剂是否合适。实际操作时，压力加注法有加电运行加注法和断电停机加注法两种。</p><p>\r\n	&nbsp;</p><p>\r\n	&nbsp;</p><p>\r\n	运行加注法首先少量加注制冷剂，具体操作方法与上面介绍的经验加注法的前3步相同。然后看<a href=\"http://www.bnedq.com/\"><span style=\"color:#ff0000;\">冷柜</span></a>制冷管路是否畅通，主要通过听有无制冷剂流动声进行判断，如果有制冷剂的流动声，则说明制冷管路</p><p>\r\n	&nbsp;</p><p>\r\n	通畅；如果无制冷剂流动声，则说明制冷管路焊堵。判断制冷管路通畅后，再次打开制冷剂瓶上的阀门加注制冷剂，同时观察真空压力表的读数，根据铭牌标称加注量及当时的季节确定制冷剂加注量是</p><p>\r\n	&nbsp;</p><p>\r\n	否合适，在达到大致合适时，依次关闭真空压力表和制冷剂瓶上的阀门。观察冷柜制冷情况，以进一步确认所加的制冷剂是否合适；并采取相应的措施。</p><p>\r\n	&nbsp;</p><p>\r\n	断电停机加注法在加注制冷剂过程中，观察到真空压力表读数静止，即可关闭真空压力表，在压力达到0.196MPa时，大致说明所加注的制冷剂合适，关闭制\r\n冷剂瓶上的阀门，停止首次制冷剂加注。试机30min后，通过触摸冷凝器，了解其发热情况和冷藏室的结霜情况后，判断所加注的制冷剂是否合适，具体操作方\r\n法同经验加注法的第4)、5)步。提示：采用压力法加注制冷剂时，所说的压力一般是指环境温度在25 - \r\n30℃时的压力，若在温度较低的天气情况下（例如冬天），则加注的压力相应较低（在测量压力的同时还要用钳形电流表测量压缩机的工作电流），应比正常温度\r\n下的压力低0.1MPa左右。加注过多，则容易损坏压缩机。 &nbsp;</p><p>\r\n	&nbsp;</p><p>\r\n	以上文章来源于<a href=\"http://www.bnedq.com/\"><span style=\"color:#ff0000;\">宝尼尔冷柜价格</span></a>、<a href=\"http://www.bnedq.com/\"><span style=\"color:#ff0000;\">展示冷柜</span></a>、<a href=\"http://www.bnedq.com/\"><span style=\"color:#ff0000;\">保鲜冷柜</span></a><br/><img alt=\"\" src=\"http://www.bnedq.com/uploads/allimg/140322/1-140322144H4R9.jpg\" style=\"width: 651px; height: 488px;\"/></p><p><br/></p>', '1414917534', '100', '7', '', '', '');
INSERT INTO `hd_content` VALUES ('23', '蛋糕展示柜噪音怎样尽量减少', '<p><span style=\"text-decoration: none;\">蛋糕展示柜噪音怎样尽量减少</span></p><p><span style=\"text-decoration: none;\">&nbsp; &nbsp;\r\n	　　蛋糕展示柜对蛋糕的保鲜效果和展示效果的确很好，但它的噪音问题往往会让人觉得困扰，会觉得“扰民”。今天就教大家怎样去尽量减少它的噪音问题。</span></p><p><span style=\"text-decoration: none;\">&nbsp; &nbsp;\r\n	　　首先，不要在顶部放置物品。一些商家喜欢把一些杂志、小件日用品随意放在蛋糕柜上，这样是不正确的，既影响其美观性又会加大它的噪音。请大家在日常使用时要稍加注意。<br/></span><img alt=\"\" src=\"http://www.bnedq.com/uploads/allimg/140320/1-140320115535632.jpg\" style=\"width: 651px; height: 488px; \"/></p><p><span style=\"text-decoration: none;\">&nbsp; &nbsp;\r\n	　　其次，底部的平衡性很重要。一般要求将其放在平坦的地面上。对于摆放的位置不够平坦或者需要经常移动的店铺或超市，更应该多加注意。一般厂家有的自带蛋糕柜四脚调整平衡旋钮，可调整到其噪音最小时固定起来。如没有的话，可在它的脚下加胶皮垫等，使噪音达到最小。</span></p><p><span style=\"text-decoration: none;\">&nbsp; &nbsp;\r\n	　　最后，要减少它的噪音，最好防止共振。要检查外部连接的管道到柜体是否稳固，会不会松动造成压缩机工作时产生共振，因此压缩机一定要固定好。有时候压\r\n缩机底座固定的胶垫、压缩机底板不牢固，可能是压缩机的减振底板受力不均或是松动造成的，调整或是把连接部分拧紧。柜体离墙体太近最好背面与墙面成一定的\r\n倾角。最合适的事1到3度的倾角，蛋糕柜的一侧开口会大些，一侧会小些，成喇叭状。大的一侧噪音较多，最好是面对物体，小的一面噪音相对较少，应面对人\r\n群。<br/></span><img alt=\"\" src=\"http://www.bnedq.com/uploads/allimg/140320/1-14032011555MS.jpg\" style=\"width: 651px; height: 488px; \"/></p><p><span style=\"text-decoration: none;\">&nbsp; &nbsp;\r\n	　　大家在了解如何减少蛋糕展示柜的噪音问题后，以后在使用它时请一定要注意这些细节，不要让这些不必要的问题出现，给您或周围的居民造成困扰。</span></p><p><br/></p>', '1414874366', '100', '7', '', '', '');
INSERT INTO `hd_content` VALUES ('24', '企业简介', '<p>合肥宝尼尔电器有限公司是专业从事超市冷柜、保鲜柜、冷藏柜、风幕柜、蔬菜水果柜、蛋糕展示柜、熟食柜、鲜肉柜、厨房冷柜、饮料展示柜等冷藏冷冻设备的研\r\n究、设计、开 发、销售和服务的现代化冷链企业，公司拥有国际顶尖的技术力量、专业化的设计、先进的生产设备、成熟的生产工艺和完善的质量保证体系以及 \r\n完善的售后服务团队，为国内外客户提供优质的产品和满意的服务。<br/>　　 \r\n主要产品有：超市冷柜、保鲜柜、冷藏柜、展示柜、蔬菜水果柜、蛋糕展示柜、熟食柜、鲜肉柜、厨房冷柜、饮料展示柜等一系列保鲜冷藏展示设备。本公司与国内\r\n 外众多贸易经销商、代理商、超市卖场、便利店、企事业单位等建立良好的客户关系，一直以来以优质的产品和热情周到的服务赢得了国内外客户的信赖和一致好\r\n 评。<br/>　　我公司地处国内重要的家电制造基地，全国科技创新试点城市---合肥市。“宝尼尔”牌系列制冷设备集保鲜、冷藏为一体，其控制系统元件均采用 \r\n国际，国内名牌厂家生产，如热力膨胀阀采用Danfoss ；蒸发风机，冷凝风机采用ebm ，如此配置确保了整个制冷系统运行的正常，可靠性。 \r\n中外优质名牌压缩机，符合国家标准规定要求。具有质量稳定、性能优良、节能环保等高效特点，深受广大用户的信赖。<br/>　　公司以质量求生存，以科技求发展，本着以人为本，提高人民生活质量之宗旨，以打造国际至尊品牌为奋斗目标，全力进军冷冻、冷藏领域。<br/>　　在市场竞争日趋激烈，形势极其严峻 , \r\n宝尼尔人将以高起点，高质量，高服务，诚信为本，结合现代企业经营理念，利用科技创新，精益求精，永不满足，不断创造出更新更多的符合中国食品零售企业所\r\n 需求的多类型产品，为保障人们的食品卫生和提升人们的生活品质而不懈努力！<br/>　　我们本着“信誉开拓市场 诚信铸就品牌”的经营理念，真诚，竭诚为广大客户服务。 欢迎各界人士来人来电来函垂询光顾，洽谈。<br/>■　经营原则　精益求精 诚信为本。<br/>■　经营意识　诚信、市场、质量、效率、创新、人才、服务、形象<br/>■　品质管理　追求零问题<br/><img alt=\"宝尼尔电器\" src=\"http://www.bnedq.com/uploads/allimg/130220/1-13022014025VT.gif\"/><br/></p>', '1414917566', '100', '1', '', '', '');
INSERT INTO `hd_content` VALUES ('25', '联系我们', '<p><strong style=\"color: rgb(51, 51, 51); font-family: Arial, 宋体, sans-serif; font-size: 14px; line-height: 28px; \"><span style=\"color: rgb(255, 0, 0); \">＞</span>&nbsp; 全国免费服务热线：400--0551--503</strong><br style=\"color: rgb(51, 51, 51); font-family: Arial, 宋体, sans-serif; font-size: 14px; line-height: 28px; \"/><span style=\"color: rgb(51, 51, 51); font-family: Arial, 宋体, sans-serif; font-size: 14px; line-height: 28px; \">　　业务一部：0551-63714896&nbsp;&nbsp;&nbsp;&nbsp;&nbsp;&nbsp;&nbsp;&nbsp;&nbsp; 0551-63542853&nbsp;&nbsp;&nbsp;&nbsp;&nbsp;&nbsp;&nbsp;&nbsp;&nbsp;&nbsp;&nbsp;</span><br style=\"color: rgb(51, 51, 51); font-family: Arial, 宋体, sans-serif; font-size: 14px; line-height: 28px; \"/><span style=\"color: rgb(51, 51, 51); font-family: Arial, 宋体, sans-serif; font-size: 14px; line-height: 28px; \">　　业务二部：0551-63542832&nbsp;&nbsp;&nbsp;&nbsp;&nbsp;&nbsp;&nbsp;&nbsp;&nbsp; 0551-63714511&nbsp;&nbsp;&nbsp;&nbsp;&nbsp;&nbsp;&nbsp;&nbsp;&nbsp;&nbsp;&nbsp;&nbsp;</span><br style=\"color: rgb(51, 51, 51); font-family: Arial, 宋体, sans-serif; font-size: 14px; line-height: 28px; \"/><span style=\"color: rgb(51, 51, 51); font-family: Arial, 宋体, sans-serif; font-size: 14px; line-height: 28px; \">&nbsp;&nbsp;&nbsp;&nbsp;&nbsp;&nbsp;&nbsp;业务三部：0551-62382938&nbsp;&nbsp;&nbsp;&nbsp;&nbsp;&nbsp;&nbsp;&nbsp; &nbsp;0551-62382996</span><br style=\"color: rgb(51, 51, 51); font-family: Arial, 宋体, sans-serif; font-size: 14px; line-height: 28px; \"/><span style=\"color: rgb(51, 51, 51); font-family: Arial, 宋体, sans-serif; font-size: 14px; line-height: 28px; \">&nbsp;&nbsp;&nbsp;&nbsp;&nbsp;&nbsp;&nbsp;业务四部：0551-62382920&nbsp;&nbsp;&nbsp;&nbsp;&nbsp;&nbsp;&nbsp;&nbsp;&nbsp;&nbsp;0551-62382963</span><br/><span style=\"color: rgb(51, 51, 51); font-family: Arial, 宋体, sans-serif; font-size: 14px; line-height: 28px;\">&nbsp; &nbsp; &nbsp; &nbsp;业务五部：0551-66820005 &nbsp; &nbsp; &nbsp; &nbsp; &nbsp;0551-66820006</span><br style=\"color: rgb(51, 51, 51); font-family: Arial, 宋体, sans-serif; font-size: 14px; line-height: 28px; \"/><strong style=\"color: rgb(51, 51, 51); font-family: Arial, 宋体, sans-serif; font-size: 14px; line-height: 28px; \"><span style=\"color: rgb(255, 0, 0); \">＞</span>&nbsp; 售后部热线：0551-62382938</strong><br style=\"color: rgb(51, 51, 51); font-family: Arial, 宋体, sans-serif; font-size: 14px; line-height: 28px; \"/><span style=\"color: rgb(51, 51, 51); font-family: Arial, 宋体, sans-serif; font-size: 14px; line-height: 28px; \">　　电子邮箱：</span><a href=\"mailto:540674912@qq.com\" style=\"text-decoration: none; color: rgb(102, 102, 102); font-family: Arial, 宋体, sans-serif; font-size: 14px; line-height: 28px; \">540674912@qq.com</a><br style=\"color: rgb(51, 51, 51); font-family: Arial, 宋体, sans-serif; font-size: 14px; line-height: 28px; \"/><strong style=\"color: rgb(51, 51, 51); font-family: Arial, 宋体, sans-serif; font-size: 14px; line-height: 28px; \">&nbsp;合肥宝尼尔电器有限公司-公司账户</strong><br style=\"color: rgb(51, 51, 51); font-family: Arial, 宋体, sans-serif; font-size: 14px; line-height: 28px; \"/></p><p>\r\n	</p><p style=\"margin: 0px; padding: 0px; \">\r\n		<span style=\"color: rgb(169, 169, 169); \">--------------------------------------------------------------------------------------------------------------------------------------------------------</span><br/>\r\n		付款注意事项</p><p>\r\n	&nbsp; &nbsp; &nbsp; &nbsp;第一、为了您的资金安全，在汇款时请详细核对我司账户。</p><p>\r\n	&nbsp; &nbsp; &nbsp; &nbsp;第二、汇款完成后，请及时通知我们查帐，款到后即可为您办理相关业务。</p><p><span style=\"color: rgb(51, 51, 51); font-family: Arial, 宋体, sans-serif; font-size: 14px; line-height: 28px; \">&nbsp; &nbsp; &nbsp; &nbsp;第三、为了保证您的汇款时间，请勿跨行办理，异地及跨行汇款会产生手续费用，具体视各银行规定为准，手续费自行承担。</span><br/>　　合肥宝尼尔电器有限公司以质量求生存，以科技求发展，本着以人为本，提高人民生活质量之宗旨，以打造国际至尊品牌为奋斗目标，全力进军冷柜、展示柜等\r\n领域。我们本着“信誉开拓市场 诚信铸就品牌”的经营理念，真诚，竭诚为广大客户服务。 \r\n欢迎各界人士来人来电来函垂询光顾，洽谈。宝尼尔冷柜，打造全国第一冷柜。<br/>　　■&nbsp; 经营原则&nbsp; 精益求精 诚信为本。<br/>　　■&nbsp; 经营意识&nbsp; 诚信、市场、质量、效率、创新、人才、服务、形象<br/>　　■&nbsp; 品质管理&nbsp; 追求零问题&nbsp;<br/><img alt=\"\" src=\"http://www.bnedq.com/uploads/allimg/130315/1-1303150910444G.jpg\" style=\"width: 705px; height: 297px\"/></p><p><br/></p>', '1415330933', '100', '8', '', '', '');
INSERT INTO `hd_content` VALUES ('26', '超市冷柜的压缩机不工作什么原因?', '<p><span style=\"font-size: 14px;\"><span style=\"text-decoration: none;\">超市</span><span style=\"text-decoration: none;\"><span style=\"text-decoration: none;\"></span>冷柜</span>不制冷，压缩机不工作的原因有很多种，第一先检查电源线，第二检查看一下压缩机温度是不是很高，电压太低它会造成压缩机启动不起来，冷柜压缩机自动保护，还有就是冷凝器散热效果不好也会造成压缩机过热保护，造成压缩机启动不起来。第三有些大型机组带有高低压保护装置，如果压缩机高压过高或者低压过低也会造成压控系统产生保护，造成压缩机不启动，一般高压过高的原因，有的超市冷柜冷凝器太脏造成散热不好导致压力过高保护，膨胀阀出现脏堵截留口径变小也会大致压力过高。造成压力过低的原因有缺少制冷剂，再就是蒸发风机故障不工作蒸发器结霜或者结冰。</span></p><p><span style=\"font-size: 14px;\">\r\n	具体以上分析这只是部分原因，要请专业人士维修</span>。 &nbsp;&nbsp;</p><p>\r\n	<a href=\"http://www.bnedq.com/\"><img alt=\"\" src=\"http://www.bnedq.com/uploads/allimg/140816/1-140Q6094250500.jpg\" style=\"width: 400px; height: 300px;\"/></a><br/>\r\n	宝尼尔制冷设备（中国）有限公司是一家集研发、设计、生产、销售于一体的商业制冷设备企业。主要为超市、便利店、酒店、蛋糕房等提供优良的产品及专业的服务，主要制冷产品系列有：便利店冷<span style=\"font-size: 14px;\"><span style=\"text-decoration: none;\">柜</span>系列，超市冷柜系列，酒店、餐厅不锈钢冷柜系列，甜品屋、蛋糕房、面包坊冷柜系列</span><span style=\"font-size: 12px;\">。</span></p><p><br/></p>', '1415346215', '100', '6', '', '', '');
INSERT INTO `hd_content` VALUES ('27', '冷藏展示柜可以保鲜蔬菜水果吗？', '<p><span style=\"text-decoration: none; font-size: 14px;\">冷藏展示柜可以保鲜蔬菜水果吗？</span></p><p><span style=\"text-decoration: none; font-size: 14px;\">冷藏展示柜可以冷藏保鲜蔬菜水果吗，大家都知道冷藏展示柜最初的设计目的是为了冷藏保鲜鲜奶类的食品的，并且为了方便大家选购，所以做了各种具有不同效果的展示的功能。那么如果用它来冷藏保鲜水果蔬菜这种做法可取吗？</span></p><p><span style=\"font-size: 14px;\"><span style=\"font-size: 12px; text-decoration: none;\">接下来我们看看冷藏展示柜</span><span style=\"font-size: 12px;\">具体的如何操作吧：食物中呼吸量较大的展示柜展示玉米、毛豆、莴苣等类产品可用此法处理，通常此类产品在产地就须先预冷，然后装入纸箱，再运输至卖场。经过预冷的果菜送到卖场时其温度会升到15℃，不经预冷的，温度会升到40℃蔬菜水果蔬菜的鲜度迅速下降。冰冷水处理法是先将水槽盛满水（200公升），放入冰块，使温度降为0℃，再将蔬菜水果浸泡其中，使蔬菜水果的温度降至7℃ -8℃，冰冷水处理后，再用毛巾吸去水份或放进苏生库。</span></span></p><p><span style=\"font-size: 14px;\">叶类的蔬菜类可采取用冷盐水处理法处理。其处理相关步骤如下。先将蔬菜放在预冷槽处理，水量200公升，水温8℃，将果菜预冷及洗净，时间为5分钟。再放人冷盐水槽，水温0℃，盐浓度1%，时间5分钟。再取出放入放人冷水槽中，水温0℃，洗去所吸收的盐分。最后放人空间较大的干容器中并送进苏生库。蔬菜水果放入冷盐水槽中的处理时间不要太长，以防止盐分对食物本身结构所引起的伤害。用来展示葱、大白菜及叶菜类等可以用复活处理法此法处理，能使果菜适时地补充水份，重新复活起来。此法是将果菜放人一般水温、200公升水量的水槽中，洗净污泥，并吸收水份。然后放入空间较大的容器中，使其复活。芥菜、水芹等果菜之菜茎前端切割置于水中，使根部充分吸收水份，复活效果更佳。面对一般水果、小菜、加工菜类等可用直接冷藏法此法处理。此类商品大都已由厂商处理过，在销售前，仅须包装或贴标签即可送到卖场销售。此类商品可直接放进冷藏库中。</span></p><p><span style=\"font-size: 14px;\">而木瓜、芒果、香蕉、凤梨、哈蜜瓜等这类水果可用散热处理法处理。此类水果在密闭纸箱里经过长时间的运输路途，温度会急速上升，此时要尽快以降温处理，亦即打开纸箱充分给这些水果散热，再在常温下进行保存。</span><span style=\"font-size: 12px;\"><br/>\r\n	<a href=\"http://www.bnedq.com/\"><img alt=\"\" src=\"http://www.bnedq.com/uploads/allimg/140807/1-140PFSZ63E.jpg\" style=\"width: 400px; height: 300px;\"/></a></span></p><p><br/></p>', '1415346331', '100', '6', '', '', '');
INSERT INTO `hd_content` VALUES ('28', '购买冷柜注意事项：冷藏展示柜冷藏食品是有时间期限的', '<p><span style=\"text-decoration: none;\">\r\n	大部分我们经常是买来的食品直接就放在冷藏展示柜里面了，从没有研究过食物在冷藏展示柜里面的保存时间有多久。一般都是吃的时候拿出来看看没有问题就直接食用了。其实这样是不对的，在冷藏展示柜里面放久了的食品即使没坏，也是对身体有不好的成分的。</span></p><p><span style=\"text-decoration: none;\">\r\n	&nbsp;</span></p><p><span style=\"text-decoration: none;\">\r\n	那么不同的食品可以在冷藏展示柜里面存放多久呢？目前，中国开始实施了对购买节能家电的政府补贴，《家用电冰柜耗电量限定值及能源效率等级》（GB12021.2－2008）对冰柜的能效等级指标进行了更新，这也掀起了冰柜行业的一股龙卷风。电冰柜能\r\n源效率等级（俗称为“能效等级”）是表示电冰柜产品能源效率差别的分级方法，在我国分为1、2、3、4和5级，数字越小，能源效率越高，节能效果最好。在\r\n欧盟，能效等级划分为A到G七个级别，其中A为最高。冷藏展示柜胀阀开得过大。膨胀阀温包与蒸发器出口包扎不好,或膨胀阀本身有问题,均会引起膨胀阀开得\r\n过大。表现为系统的高压值比正常时偏低，而低压值比正常时高;从蒸发器出来的低压管温度比蒸发器表面温度还凉,需检查冷藏展示柜膨胀阀温包与蒸发器出口是否包扎良好，必要时更换膨胀阀。</span></p><p>\r\n	<img alt=\"\" src=\"http://www.bnedq.com/uploads/allimg/140325/1-140325135234T9.jpg\" style=\"width: 651px; height: 488px;\"/></p><p><br/></p>', '1415346467', '100', '6', '', '', '');
INSERT INTO `hd_content` VALUES ('30', '超市商品陈列技巧的作用', '<p>超市商品陈列技巧对于超市商品的销售有着不可替代的作用，它是从空间、心理等多方位、多角度促进顾客的消费行为，是超市经营体系中不可缺少的环节。因此，超市销售人员的功课之一就是超市商品陈列技巧的学习和积累。</p><p>\r\n	　　那么超市商品陈列技巧都有哪些呢？</p><p>\r\n	　　1、超市陈列的精髓是：见招拆招，无招胜有招</p><p>\r\n	　　所谓超市陈列法则只不过是原则性、扫盲性的基础知识或者说是“内功心法”，实际运用中超市陈列并不是在一张白纸上做画，更多的要考虑超市具体情况的限制，运用陈列基础知识，做到随机应变，见招拆招，无招胜有招。</p><p>\r\n	　　2、陈列法则的意义在于统一的视觉效果<br/>\r\n	<a href=\"http://www.bnedq.com/hangyezixun/www.bnedq.com\"><img alt=\"\" src=\"http://www.bnedq.com/uploads/allimg/140311/1-140311114T1529.jpg\" style=\"width: 651px; height: 435px; \"/></a></p><p>\r\n	　　各企业规定的陈列法则不同，实际上陈列法则的意义并不在于法则本身（如：到底是“品牌垂直、包装水平”好还是“包装垂直、品牌水平”好，其实难有公论），而在于有一个标准，让消费者在不同的售点能看到统一风格的陈列效果，更容易形成记忆点。</p><p>\r\n	　　如：统一的品牌陈列顺序：不论在超级量贩还是街边士多店，可口可乐公司的产品陈列、海报张贴都遵循从左到右依次是可口可乐、雪碧、芬达、醒目的顺序</p><p>\r\n	　　3、陈列法则的核心是占有最大空间</p><p>\r\n	　　如果你觉得陈列法则内容太多一下子记不全的话，你只需要记住一句话：“尽可能陈列更多的产品，占有更多的陈列空间”。摆的越多，陈列效果越容易保持（否则排面很快会随着消费者的购买而减少），销售机会越多。你能把竞品挤出货架，就能把他挤出市场。</p><p>\r\n	　　4、超市陈列不是一项孤立的工作。</p><p>\r\n	　　超市陈列效果离不开店方的支持，而店方支持你的理由来自以下几点：<br/>\r\n	<a href=\"http://www.bnedq.com/hangyezixun/www.bnedq.com\"><img alt=\"\" src=\"http://www.bnedq.com/uploads/allimg/140311/1-140311114Z1I9.jpg\" style=\"width: 651px; height: 496px; \"/></a></p><p>\r\n	　　a、你投入更多的陈列费用；</p><p>\r\n	　　b、售后服务好，业务人员专业、周到，客情好；</p><p>\r\n	　　c、你的产品在超市销量大；</p><p>\r\n	　　d、你的产品给超市创造利润高；</p><p>\r\n	　　e、你的促销活动提升超市店面形象，给超市带来更多人流效应或能增强该超市的“低价格形象”。</p><p>\r\n	　　由此可见，超市陈列不是一项孤立的工作。要想提高超市陈列效果需要从该超市的投入产品组合设计、价格定位、促销、陈列费用、售后服务质量、业务拜访等各项环节下功夫，单纯靠销售人员拜访来提高超市陈列效果（尤其是陈列位的争取），就成了“无源之水”、“孤掌难鸣”。</p><p><br/></p>', '1415346962', '100', '7', '', '', '');
INSERT INTO `hd_content` VALUES ('31', '超市风冷柜的附加作用你知道吗？', '<p>\r\n	<span style=\"font-size: 12px;\">现如今生活水平一年比一年高，人们的生活用品越来越多，超市风冷柜放置家里已不再只是单纯的存放保鲜各种日常的蔬菜、熟食、水果等，更多的开始存放各种家用必备的物品，例如：密封好的茶叶</span><span style=\"font-size: 12px;\">、密封好的香烟、化妆品、药品等等，这种不仅可以延长这类产品的香味、保鲜时间以及产品的原有的效果。还能除菌杀毒呢。</span></p><p>\r\n	&nbsp;</p><p>\r\n	非常多朋友将超市风冷柜买回家里面，主要拿来存放保鲜各种常用的东西，例如：蔬菜、水果等等日常用品以及各种食品。但是不知道在超市风<span style=\"text-decoration: none;\">冷柜里</span>面存放哪些东西可以给生活中带来更多的便捷，现<span style=\"font-size: 12px;\">在宝尼尔小编告诉你如何更全面的利用好我们的柜子。</span></p><p>\r\n	&nbsp;</p><p>\r\n	大家家里应该都会有蜡烛吧，夏天天气温度高，在常温下，蜡烛很容易软化，根本无法使用，就算勉强能用也容易出现滴蜡的现象，如何解决这种现象呢？其实可以将刚买回来的蜡烛存放在超市风冷柜<span style=\"font-size: 12px;\">里面，就算是长期存放也不会出现蜡烛变形的现象以及点燃后将不会出现滴蜡现象。还有可以将软化的香皂、咖啡、皮鞋油等可以放入柜里面保存，变软的香皂放在柜里面会迅速变硬，将咖啡密封好，</span><span style=\"font-size: 12px;\">放在柜内不会结块等等。还有其他一些比如书本弄湿了，可以放在柜内冷冻几个小时再拿出来，字迹依然会很清楚。生活中的小发现小惊喜有很多，主要还是靠我们多去尝试。</span></p><p>\r\n	<img alt=\"\" src=\"http://www.bnedq.com/uploads/allimg/140719/1-140GZQ545457.jpg\" style=\"width: 600px; height: 450px;\"/></p><p><br/></p>', '1415523108', '100', '5', '', '', '');
INSERT INTO `hd_content` VALUES ('32', '超市冷藏展示柜的空气不用真空泵排', '<p><span style=\"font-size: 12px; text-decoration: none;\">相信我们都非常晓得在修理超市冷藏展示柜的时分都会运用到真空泵来进行打扫系统中的空气，这也便是我们常说的抽真空，那么在实习的过程中我们也不可能常常带着一个真空泵，当然也有时分不方便运用这种设备去对超市冷藏展示柜进行抽真空，那么在不运用这种设备的情况下我们该怎么进行打扫空气呢？首先在进行排空气的时分先将电源进行断电了，在技能管上焊接压力表三通阀，并接好F12罐关闭三通阀，而且焊开单调过滤器与毛细管并坚持两头疏通，也便是都是通的而且可以再把毛细管放进过滤器的端口为宜，用大拇指堵住毛细管出口，然后启动柜子的压缩机，此时系统中的空气会从过滤器的端口往外排出。</span></p><p>\r\n	</p><p><span style=\"text-decoration: none;\">\r\n		&nbsp;</span></p><p>\r\n	</p><p><span style=\"text-decoration: none;\">\r\n		在我们在供认过滤器端口都空气排出的时分，我们可以用焊枪的小火只是点着的情况，不加氧的情况下，靠近出口处，可以看到没有气体往外再排出后，再把接F12罐的三通阀翻开一下，此时过滤器又会<span style=\"text-decoration: none; font-size: 12px;\">有气体排出，再充点F12进入系统去一贯继续一瞬间（很短的时间），再关闭压缩机，此时F12罐的三通仍然可以开一会后再关闭，坚持系统内的压力大于外界的压力，此时可以铺开大拇指，发现毛细管的端口也往外排气（F12），此时可以把毛细管刺进单调过滤器的端口，待系统里边的气不再往外冒时，再把此接口焊封死，此时系统里边尽管不是真空情况，但肯定是F12充满着的。我们再次抵达压缩机后，留心请直接立充坚持低压在0.05Mpa左右的压力往系统里边充F12。工作几小时后留心回气管不该有结霜的情况，只是结露就行了。假如发现结霜便是充多了，只需放出适当就行了！我们选用这种方法在打扫超市冷藏展示柜制冷系统中空气的时分，它的效果也是比较好的，在运用这种方法进行打扫空气的话在往后运用的过程中也是不会出现一些冰堵的表象。</span></span></p><p><br/></p>', '1415523220', '100', '5', '', '', '');
INSERT INTO `hd_content` VALUES ('33', '蛋糕冷藏柜的日常维护保养技巧', '<p><span style=\"text-decoration: none;\">蛋糕冷藏柜平时合理的维护保养对于冷藏柜的使用寿命有极重要的影响。</span></p><p><span style=\"text-decoration: none;\">\r\n	　　1、冷藏柜应放置在远离热源，通风良好，坚实平整之处，防止环境温度过高，导致冷凝器散热不良，影响制冷效果。</span></p><p><span style=\"text-decoration: none;\">\r\n	　　2、保证柜体与周围的距离：背部不小于10cm，顶部距离不小于50cm。<br/>\r\n	</span><img alt=\"\" src=\"http://www.bnedq.com/uploads/allimg/140213/1-1402131H55DS.jpg\"/></p><p><span style=\"text-decoration: none;\">\r\n	　　3、冷藏柜电源必须专线供电，插座可靠接地。电源电压波动较大时，应加装整机功率5倍以上的稳压器。</span></p><p><span style=\"text-decoration: none;\">\r\n	　　4、经运输的冷柜应放置两小时以上方可通电，冷藏柜通电两个小时后方可放入食品。放入柜内食品应与室温一致。物品堆放均匀，堆放食品时应留冷气流通空隙。</span></p><p><span style=\"text-decoration: none;\">\r\n	　　5、使用冷藏柜时应尽量减少开门次数，防止冷量流失。</span></p><p><span style=\"text-decoration: none;\">\r\n	　　6、冷藏柜应有专人管理，应经常注意设备的运行情况，如发现异常情况及时检查，重大问题应请专业人员进行检修，并及时与我厂维修部门联系。</span></p><p><span style=\"text-decoration: none;\">\r\n	　　7、冷凝器应每三个月清洗一次，清洗时应切断电源，然后用压缩空气吹冲，当冷凝器表面积尘较多时，要用清水彻底冲净，用清水冲水时要注意避免弄湿其他电器部件。</span></p><p><span style=\"text-decoration: none;\">\r\n	　　8、冷藏柜若长期不使用，应切断电源，保持柜内清洁、干燥。</span></p><p><span style=\"text-decoration: none;\">\r\n	　　蛋糕展示柜维护保养：<br/></span><img alt=\"\" src=\"http://www.bnedq.com/uploads/allimg/140213/1-1402131H624J6.jpg\"/></p><p><span style=\"text-decoration: none;\">\r\n	　　1、蛋糕展示柜应放在使用环境较好。应尽量减少开门次数，</span></p><p><span style=\"text-decoration: none;\">\r\n	　　2、蛋糕展示柜使用时。缩短存取食品的时间。热的食品需冷却到室温后方可放入陈列柜。食品不要离出风口太近。</span></p><p><span style=\"text-decoration: none;\">\r\n	　　3、蛋糕保鲜柜保管食品时。通风较好的地方</span></p><p><span style=\"text-decoration: none;\">\r\n	　　4、蛋糕保鲜柜应定期进行清洁。应拔下电源插头，</span></p><p><span style=\"text-decoration: none;\">\r\n	　　5、蛋糕保鲜柜长时间不使用时。将箱内擦拭干净，待箱内充分干燥后，将箱门关好。</span></p><p><br/></p>', '1415523267', '100', '5', '', '', '');
INSERT INTO `hd_content` VALUES ('34', '教你四个解决冰柜门封不严的办法', '<p>冰柜磁性门封条如密封性不好，会直接影响冰柜漏气致使制冷效果变差和增加耗电量，也容易造成压缩机反复启动而烧毁。那么，如何维修和保养呢？下面就让我们的小编来告诉您四个解决冰柜门封不严的方法：</p><p>\r\n	　　1、热水浸泡定型法。<br/>\r\n	<img alt=\"\" src=\"http://www.bnedq.com/uploads/allimg/140111/1-1401111F104E2.jpg\"/></p><p>\r\n	　　可将冰柜门卸下，用刀割开门封条4个拐角的粘合处，抽出磁条。拆下门封条，只要将变形的门封条放到60摄氏度左右的热水中浸泡，不时翻动，7-8分钟\r\n后捞出，放在平整的台面上用手轻轻拉直。冷却后，这时弯曲的门封就会又平又直了。如门封条处厚薄不一致时，应将较厚的部位多用力拉几次。门封条平直后，因\r\n经过拉抻的原因，其长度已有增加，往冰柜门上安装时要剪去多余部分，且要使端部呈45度斜角。往门封条内装磁条时，要将吸力大的一面朝箱体，用502胶粘\r\n接。4个角可用钢锯片烧热后插在角接缝中，等门封条接缝处熔化后抽出钢锯片，捏一会再松开，门封条就粘牢了。</p><p>\r\n	　　2、电吹风定型法。</p><p>\r\n	　　在密封不好的地方，拿电吹风用热风吹该处，吹风时间不宜过长，塑料门封变软即可，在停吹风两分钟左右，门封条变形消除，漏气即修复。如冰柜门封呈S形\r\n弯曲，可用一把直尺垫衬于封条的内侧，然后用电吹风对着弯曲部分微微加热，至塑料稍有弯软时即停止加热，待冰柜门封条冷却后，再抽出直尺，便能使封条恢复\r\n原状。必须注意的是，利用电吹风加热时，一般用700瓦左右的电吹风，控制在一分钟内，出风口距封条3厘米为宜。</p><p>\r\n	　　3、除冰柜门封铁屑法。<br/>\r\n	<img alt=\"\" src=\"http://www.bnedq.com/uploads/allimg/140111/1-1401111F124524.jpg\" style=\"width: 651px; height: 482px; \"/></p><p>\r\n	　　磁性门封条上吸附有铁屑或金属粉末，使箱门关闭不严，甚至磨损门封条时，可在无铁屑处附上白纸，用毛刷或抹布将铁屑扫到纸上，再提起白纸，铁屑就掉了。</p><p>\r\n	　　4、用白胶皮修门封法。</p><p>\r\n	　　要是门封条属于轻微变形，平面不平直，则可将固定门封条的螺钉松开，在有缝隙处平面垫入白胶皮，再重新拧紧螺钉，消除缝隙。如果箱门关闭后与箱体不平行，可调整固定箱门的支架，使之调到两者平行。也可以在门封的缝隙中塞入一些软的塑料泡沫，解决门封不严。</p><p><br/></p>', '1415523296', '100', '5', '', '', '');

-- ----------------------------
-- Table structure for hd_link
-- ----------------------------
DROP TABLE IF EXISTS `hd_link`;
CREATE TABLE `hd_link` (
  `lid` int(10) unsigned NOT NULL AUTO_INCREMENT,
  `name` varchar(45) DEFAULT NULL,
  `url` char(100) DEFAULT NULL,
  `thumb` varchar(255) DEFAULT NULL,
  PRIMARY KEY (`lid`)
) ENGINE=MyISAM AUTO_INCREMENT=6 DEFAULT CHARSET=utf8;

-- ----------------------------
-- Records of hd_link
-- ----------------------------
INSERT INTO `hd_link` VALUES ('1', '百度', 'http://www.baidu.com', null);
INSERT INTO `hd_link` VALUES ('2', '后盾网', 'http://www.houdunwang.com', '');
